-- MySQL dump 10.13  Distrib 5.7.17, for Win64 (x86_64)
--
-- Host: localhost    Database: book
-- ------------------------------------------------------
-- Server version	5.7.17

/*!40101 SET @OLD_CHARACTER_SET_CLIENT=@@CHARACTER_SET_CLIENT */;
/*!40101 SET @OLD_CHARACTER_SET_RESULTS=@@CHARACTER_SET_RESULTS */;
/*!40101 SET @OLD_COLLATION_CONNECTION=@@COLLATION_CONNECTION */;
/*!40101 SET NAMES utf8 */;
/*!40103 SET @OLD_TIME_ZONE=@@TIME_ZONE */;
/*!40103 SET TIME_ZONE='+00:00' */;
/*!40014 SET @OLD_UNIQUE_CHECKS=@@UNIQUE_CHECKS, UNIQUE_CHECKS=0 */;
/*!40014 SET @OLD_FOREIGN_KEY_CHECKS=@@FOREIGN_KEY_CHECKS, FOREIGN_KEY_CHECKS=0 */;
/*!40101 SET @OLD_SQL_MODE=@@SQL_MODE, SQL_MODE='NO_AUTO_VALUE_ON_ZERO' */;
/*!40111 SET @OLD_SQL_NOTES=@@SQL_NOTES, SQL_NOTES=0 */;

--
-- Table structure for table `book`
--

DROP TABLE IF EXISTS `book`;
/*!40101 SET @saved_cs_client     = @@character_set_client */;
/*!40101 SET character_set_client = utf8 */;
CREATE TABLE `book` (
  `book_id` bigint(20) NOT NULL AUTO_INCREMENT,
  `book_name` varchar(255) CHARACTER SET utf8 COLLATE utf8_croatian_ci DEFAULT NULL,
  `author` varchar(255) CHARACTER SET utf8 DEFAULT NULL,
  `publisher` varchar(255) CHARACTER SET utf8 DEFAULT NULL,
  `introduction` varchar(255) CHARACTER SET utf8 DEFAULT NULL,
  `book_status` varchar(255) CHARACTER SET utf8 DEFAULT NULL,
  `pubdate` timestamp NOT NULL DEFAULT '1999-12-31 16:00:00',
  `location` varchar(20) CHARACTER SET utf8 DEFAULT NULL,
  `gmt_modified` timestamp NOT NULL DEFAULT '1999-12-31 16:00:00',
  `gmt_create` timestamp NOT NULL DEFAULT '2000-01-09 16:00:00',
  `photo_url` varchar(1024) CHARACTER SET utf8 DEFAULT NULL,
  `modifier` varchar(20) DEFAULT NULL,
  PRIMARY KEY (`book_id`)
) ENGINE=InnoDB AUTO_INCREMENT=73 DEFAULT CHARSET=latin1;
/*!40101 SET character_set_client = @saved_cs_client */;

--
-- Dumping data for table `book`
--

LOCK TABLES `book` WRITE;
/*!40000 ALTER TABLE `book` DISABLE KEYS */;
INSERT INTO `book` VALUES (1,'代码大全','史蒂夫·麦克康奈尔','电子工业出版社','优秀的编程实践的百科全书，《代码大全》注重个人技术，其中所有东西加起来，就是我们本能所说的“编写整洁的代码”。这本书有50页在谈论代码布局。','HAS_BORROW','2006-03-03 04:00:00','TP-001','2018-05-13 01:02:44','2018-04-16 10:42:42','http://book-recommendation-photo.oss-cn-beijing.aliyuncs.com/%E4%BB%A3%E7%A0%81%E5%A4%A7%E5%85%A8.jpg?Expires=1839235695&OSSAccessKeyId=LTAIXNMJPUiZ1XQ8&Signature=GoAer7LJBXI8YcfqtXP%2FHudXtck%3D','A'),(2,'程序员修炼之道','安德鲁·亨特、大卫·托马斯','电子工业出版社','对于那些已经学习过编程机制的程序员来说，这是一本卓越的书。如果某人要你独自画一个P2P的音乐交换网络图，那这本书就适合你了。','CAN_BORROW','2011-01-01 07:00:00','TP-002','2018-04-17 02:33:57','2018-04-16 10:52:33','http://book-recommendation-photo.oss-cn-beijing.aliyuncs.com/%E7%A8%8B%E5%BA%8F%E5%91%98%E4%BF%AE%E7%82%BC%E4%B9%8B%E9%81%93.jpg?Expires=1839235953&OSSAccessKeyId=LTAIXNMJPUiZ1XQ8&Signature=mtGvxJKl4JI9mYSO7dyCIAg5sPQ%3D','Jack'),(3,'计算机程序的构造和解释','Harold Abelson、Gerald JaySussman','机械工业出版社','这是一本会启发你的书，它会燃起你编写出色程序的热情；它还将教会你认识并欣赏美；它会让你有种敬畏，让你难以抑制地渴望学习更多的东西。','CAN_BORROW','2004-02-04 09:00:00','TP-003','2018-04-17 00:37:30','2018-04-16 11:25:53','http://book-recommendation-photo.oss-cn-beijing.aliyuncs.com/%E8%AE%A1%E7%AE%97%E6%9C%BA%E7%A8%8B%E5%BA%8F%E7%9A%84%E6%9E%84%E9%80%A0%E5%92%8C%E8%A7%A3%E9%87%8A.jpg?Expires=1839237953&OSSAccessKeyId=LTAIXNMJPUiZ1XQ8&Signature=nEpJHY4mQrcJDkDeA9DvSCIhF%2B0%3D','Tom'),(4,'C程序设计语言','DennisMRitchie','机械工业出版社','这本书简洁易读，会教给你三件事：C 编程语言；如何像程序员一样思考；底层计算模型。（这对理解“底层”非常重要）','CAN_BORROW','2010-01-20 04:00:00','TP-004','2018-04-17 00:28:38','2018-04-16 11:30:22','http://book-recommendation-photo.oss-cn-beijing.aliyuncs.com/C%E7%A8%8B%E5%BA%8F%E8%AE%BE%E8%AE%A1%E8%AF%AD%E8%A8%80.jpg?Expires=1839238222&OSSAccessKeyId=LTAIXNMJPUiZ1XQ8&Signature=46yb3qF1SIqIG2YqpG2x1rIG5%2BA%3D','Tom'),(5,'算法导论','Thomas H.Cormen','机械工业出版社','在我看来，代码只是一个工具，并非精髓。开发软件的主要部分是创建新算法或重新实现现有算法。其他部分则像重新组装乐高砖块或创建“管理”层。','HAS_BORROW','2006-01-20 05:00:00','TP-005','2018-05-13 01:02:55','2018-04-16 11:34:27','http://book-recommendation-photo.oss-cn-beijing.aliyuncs.com/%E7%AE%97%E6%B3%95%E5%AF%BC%E8%AE%BA.jpg?Expires=1839238467&OSSAccessKeyId=LTAIXNMJPUiZ1XQ8&Signature=DbnyridZ7lkiDZSovy%2FpTKj7iTk%3D','A'),(6,'重构：改善既有代码的设计','福勒','人民邮电出版社','我必须承认，我最喜欢的编程语录是出自这本书：任何一个傻瓜都能写出计算机能理解的程序，而优秀的程序员却能写出别人能读得懂的程序。','HAS_BORROW','2010-01-20 04:00:00','TP-006','2018-05-13 01:03:16','2018-04-16 11:36:49','http://book-recommendation-photo.oss-cn-beijing.aliyuncs.com/%E9%87%8D%E6%9E%84.jpg?Expires=1839238609&OSSAccessKeyId=LTAIXNMJPUiZ1XQ8&Signature=UgWz9agzxFvXpPvVs2hZgxBePxY%3D','A'),(7,'设计模式','chard Helm','机械工业出版社','此书并不像其他建议一样有关“元”编程，但它强调封装诸如模式一类的优秀编程技术，因而鼓励其他人提出新模式和反模式（antipatterns），并运用于编程对话中。','CAN_BORROW','2000-09-09 04:00:00','TP-007','2018-04-16 14:25:37','2018-04-16 11:40:26','http://book-recommendation-photo.oss-cn-beijing.aliyuncs.com/%E8%AE%BE%E8%AE%A1%E6%A8%A1%E5%BC%8F.jpg?Expires=1839238826&OSSAccessKeyId=LTAIXNMJPUiZ1XQ8&Signature=CtplQXVMO94CPmMIfsIdlUEDi9s%3D','Tom'),(8,'人月神话','弗雷德里克·布鲁克斯','清华大学出版社','作者为人们管理复杂项目提供了颇具洞察力的见解，既有很多发人深省的观点，也有大量的软件工程实践。','CAN_BORROW','2002-11-01 04:00:00','TP-008','2018-04-16 11:43:06','2018-04-16 11:43:06','http://book-recommendation-photo.oss-cn-beijing.aliyuncs.com/%E4%BA%BA%E6%9C%88%E7%A5%9E%E8%AF%9D.jpg?Expires=1839238986&OSSAccessKeyId=LTAIXNMJPUiZ1XQ8&Signature=xSYp2lMga24NmsHKZ04bbc%2Fj628%3D',NULL),(9,'计算机程序设计与艺术','Donald E·Knuth ','清华大学出版社','介绍编程的基本概念和技术，然后详细讲解信息结构方面的内容，包括信息在计算机内部的表示方法、数据元素之间的结构关系，以及有效的信息处理方法。','CAN_BORROW','2002-09-09 04:00:00','TP-009','2018-04-16 11:45:50','2018-04-16 11:45:50','http://book-recommendation-photo.oss-cn-beijing.aliyuncs.com/%E8%AE%A1%E7%AE%97%E6%9C%BA%E7%A8%8B%E5%BA%8F%E8%AE%BE%E8%AE%A1%E4%B8%8E%E8%89%BA%E6%9C%AF.jpg?Expires=1839239150&OSSAccessKeyId=LTAIXNMJPUiZ1XQ8&Signature=CzBlZ16Wglu%2Fp47kfrmTWJmMAhE%3D',NULL),(10,'深入浅出设计模式','Eric Freeman','东南大学出版社','运用许多最新的研究，包括神经生物学、认知科学以及学习理论，这使得《深入浅出设计模式》能够将这些设计模式深深地烙印在你的脑海中，不容易被遗忘。','CAN_BORROW','2005-10-31 17:00:00','TP-010','2018-04-16 11:48:28','2018-04-16 11:48:28','http://book-recommendation-photo.oss-cn-beijing.aliyuncs.com/%E6%B7%B1%E5%85%A5%E6%B5%85%E5%87%BA.jpg?Expires=1839239308&OSSAccessKeyId=LTAIXNMJPUiZ1XQ8&Signature=7SLfD8isHJLFmtmnigjcCy9mqF0%3D',NULL),(11,'代码简洁之道','Robert C·Martin','人民邮电出版社','本书提出一种观念：代码质量与其整洁度成正比。干净的代码，既在质量上较为可靠，也为后期维护、升级奠定了良好基础。','CAN_BORROW','2010-01-01 04:00:00','TP-011','2018-04-16 11:50:33','2018-04-16 11:50:33','http://book-recommendation-photo.oss-cn-beijing.aliyuncs.com/%E4%BB%A3%E7%A0%81%E7%AE%80%E6%B4%81%E4%B9%8B%E9%81%93.jpg?Expires=1839239433&OSSAccessKeyId=LTAIXNMJPUiZ1XQ8&Signature=2Fd8YnoHkGe9yiviOAUmi2n2HF0%3D',NULL),(12,'Effective java','Joshua Bloch ','机械工业出版社','本书介绍了在Java编程中78条极具实用价值的经验规则，这些经验规则涵盖了大多数开发人员每天所面临的问题的解决方案。','CAN_BORROW','2009-01-01 04:00:00','TP-012','2018-04-16 11:52:39','2018-04-16 11:52:39','http://book-recommendation-photo.oss-cn-beijing.aliyuncs.com/effective.jpg?Expires=1839239559&OSSAccessKeyId=LTAIXNMJPUiZ1XQ8&Signature=i%2BILJwvKp1MH67A%2Bo7BooA6UuL4%3D',NULL),(13,'编程珠玑','Jon Bentley','人民邮电出版社','本书通过一些有趣的具有指导意义的程序，对程序设计技巧和基本设计原理进行了清晰而睿智的描述。','HAS_BORROW','2006-11-01 04:00:00','TP-013','2018-05-13 01:07:36','2018-04-16 11:55:07','http://book-recommendation-photo.oss-cn-beijing.aliyuncs.com/%E7%BC%96%E7%A8%8B%E7%8F%A0%E7%8E%91.jpg?Expires=1839239707&OSSAccessKeyId=LTAIXNMJPUiZ1XQ8&Signature=CNfUJfId1Wy2tK%2B4X8NR%2BcF5EZQ%3D','B'),(14,'修改代码的艺术','Michael Feathers ','人民邮电出版社','本书是继《重构》和《重构与模式》之后探讨修改代码技术的又一里程碑式的著作，而且从涵盖面和深度上都超过了前两部经典。','CAN_BORROW','2007-09-25 04:00:00','TP-014','2018-04-17 00:41:32','2018-04-16 11:57:05','http://book-recommendation-photo.oss-cn-beijing.aliyuncs.com/%E4%BF%AE%E6%94%B9%E4%BB%A3%E7%A0%81.jpg?Expires=1839239825&OSSAccessKeyId=LTAIXNMJPUiZ1XQ8&Signature=D2JpngS1Lehut5b%2Bsfex2D08vxY%3D','Tom'),(15,'Peopleware','Tom Demarco ','经济新潮社','Demarco 和 Lister 表明，软件开发中的首要问题是人，并非技术。他们的答案并不简单，只是令人难以置信的成功。第二版新增加了八章内容。','CAN_BORROW','2007-12-02 04:00:00','TP-015','2018-04-16 11:59:52','2018-04-16 11:59:52','http://book-recommendation-photo.oss-cn-beijing.aliyuncs.com/peopleWare.jpg?Expires=1839239992&OSSAccessKeyId=LTAIXNMJPUiZ1XQ8&Signature=DJ5d4FbAnv8YbWIyxlFkEm0UJ48%3D',NULL),(16,'Coders at work','Peter Seibel ','Apress','一本非常有影响力的书，可以从中学到一些业界顶级人士的经验，了解他们如何思考并工作。','CAN_BORROW','2009-09-16 04:00:00','TP-016','2018-04-16 12:01:59','2018-04-16 12:01:59','http://book-recommendation-photo.oss-cn-beijing.aliyuncs.com/coders.jpg?Expires=1839240119&OSSAccessKeyId=LTAIXNMJPUiZ1XQ8&Signature=bUKgfSIJok4o8N7lEiyXeN4uwq8%3D',NULL),(17,'交互设计之路','库帕 ','电子工业出版社','本书是基于众多商务案例，讲述如何创建更好的、高客户忠诚度的软件产品和基于软件的高科技产品的书。','CAN_BORROW','2006-03-03 04:00:00','TP-017','2018-04-16 12:03:46','2018-04-16 12:03:46','http://book-recommendation-photo.oss-cn-beijing.aliyuncs.com/%E4%BA%A4%E4%BA%92.jpg?Expires=1839240226&OSSAccessKeyId=LTAIXNMJPUiZ1XQ8&Signature=1g%2BSsgd%2BaWxeOQWSTc3GQrYun78%3D',NULL),(18,'Unix编程艺术','Eric S·Raymond ','电子工业出版社','本书主要介绍了Unix系统领域中的设计和开发哲学、思想文化体系、原则与经验，由公认的Unix编程大师、开源运动领袖人物之一Eric S. Raymond倾力多年写作而成。','CAN_BORROW','2006-02-02 04:00:00','TP-018','2018-04-16 12:05:34','2018-04-16 12:05:34','http://book-recommendation-photo.oss-cn-beijing.aliyuncs.com/Unix.jpg?Expires=1839240334&OSSAccessKeyId=LTAIXNMJPUiZ1XQ8&Signature=mNnIvCpNGzaMWGILLx8omhXv2qY%3D',NULL),(19,'Practices of an Agile Developer','Venkat Subramaniam',' Oreilly & Associates Inc','45个习惯，分为7个方面：工作态度、学习、软件交付、反馈、编码、调试和协作。','CAN_BORROW','2006-04-04 04:00:00','TP-019','2018-04-16 12:08:06','2018-04-16 12:08:06','http://book-recommendation-photo.oss-cn-beijing.aliyuncs.com/practices.jpg?Expires=1839240486&OSSAccessKeyId=LTAIXNMJPUiZ1XQ8&Signature=2yG5aocbSnS0V%2BhEUSQXGVkIwko%3D',NULL),(20,'Don’t Make Me Think','Steve Krug ','New Riders Press','取决于你所追求的目标。我喜欢《代码大全》是因纯编程，《点石成金》是一本有关UI设计的卓越书籍。','CAN_BORROW','2005-08-18 04:00:00','TP-020','2018-04-17 00:38:03','2018-04-16 12:10:58','http://book-recommendation-photo.oss-cn-beijing.aliyuncs.com/dont.jpg?Expires=1839240658&OSSAccessKeyId=LTAIXNMJPUiZ1XQ8&Signature=D8hAHQHJBOR8ME4D9xmjwBAz2P4%3D','Tom'),(21,'津巴多普通心理学','菲利普·津巴多','中国人民大学出版社','正如这本心理学的副标题“核心概念”所提及的一样，作者聚焦于大多数老师所认同的那些心理学核心概念','CAN_BORROW','2008-01-01 04:00:00','TC-001','2018-04-16 12:15:49','2018-04-16 12:15:49','http://book-recommendation-photo.oss-cn-beijing.aliyuncs.com/%E6%B4%A5%E5%B7%B4%E5%A4%9A.jpg?Expires=1839240949&OSSAccessKeyId=LTAIXNMJPUiZ1XQ8&Signature=lDxt5D9DyR5EF3ocFSFj5dwzc8Q%3D',NULL),(22,'经济学','保罗·萨缪尔森 ','人民邮电出版社','本书是当代经济学泰斗、1970年诺贝尔经济学奖得主萨缪尔森的不朽经济学著作。','HAS_BORROW','2008-01-01 04:00:00','TE-001','2018-05-13 01:09:15','2018-04-16 12:17:36','http://book-recommendation-photo.oss-cn-beijing.aliyuncs.com/%E7%BB%8F%E6%B5%8E%E5%AD%A6.jpg?Expires=1839241056&OSSAccessKeyId=LTAIXNMJPUiZ1XQ8&Signature=UbwJK9OMjAB064ggt%2BRBBvDDy6U%3D','C'),(23,'爱的艺术','艾·弗洛姆','上海译文出版社','在这本书中，弗洛姆认为，爱情不是一种与人的成熟程度无关，只需要投入身心的感情。','CAN_BORROW','2008-04-01 04:00:00','TM-001','2018-04-16 12:20:02','2018-04-16 12:20:02','http://book-recommendation-photo.oss-cn-beijing.aliyuncs.com/%E7%88%B1%E7%9A%84%E8%89%BA%E6%9C%AF.jpg?Expires=1839241202&OSSAccessKeyId=LTAIXNMJPUiZ1XQ8&Signature=Ok3VSbnmXeg2tn6rYHoOfHs70dA%3D',NULL),(24,'孤独六讲','蒋勋','广西师范大学出版社','美学大师蒋勋以美学家特有的思维和情感切入孤独，从情欲、语言、革命、思维、伦理、暴力六个面向阐释孤独美学','CAN_BORROW','2009-10-01 04:00:00','TM-002','2018-04-16 12:21:56','2018-04-16 12:21:56','http://book-recommendation-photo.oss-cn-beijing.aliyuncs.com/%E5%AD%A4%E7%8B%AC%E5%85%AD%E8%AE%B2.jpg?Expires=1839241316&OSSAccessKeyId=LTAIXNMJPUiZ1XQ8&Signature=C9k5NxBEiZTFwruzhq%2Fy6jBVgrQ%3D',NULL),(25,'怪诞行为学','艾瑞里 ','中信出版社','《怪诞行为学:可预测的非理性(升级版)》编辑推荐：人们的行为和决策常常偏离理性，远非你想象的那样完美！','CAN_BORROW','2010-09-10 04:00:00','TC-002','2018-04-16 13:49:37','2018-04-16 12:23:57','http://book-recommendation-photo.oss-cn-beijing.aliyuncs.com/%E6%80%AA%E8%AF%9E.jpg?Expires=1839241437&OSSAccessKeyId=LTAIXNMJPUiZ1XQ8&Signature=el%2FwcZvsDxAbuf0WRjc2u630J2I%3D','Tom'),(26,'民主的细节','刘瑜 ','上海三联书店','这本书是作者过去几年给一些期刊报纸写的专栏文章结集，其中主要是给《南方人物周刊》的文章。','CAN_BORROW','2009-06-01 04:00:00','TE-002','2018-04-16 12:25:59','2018-04-16 12:25:59','http://book-recommendation-photo.oss-cn-beijing.aliyuncs.com/%E6%B0%91%E4%B8%BB.jpg?Expires=1839241559&OSSAccessKeyId=LTAIXNMJPUiZ1XQ8&Signature=OIy3NAJjlVdSbgB%2BozBdSiXKF8Y%3D',NULL),(27,'民主的细节','刘瑜 ','上海三联书店','这本书是作者过去几年给一些期刊报纸写的专栏文章结集，其中主要是给《南方人物周刊》的文章。','CAN_BORROW','2009-06-01 04:00:00','TE-003','2018-04-16 12:30:03','2018-04-16 12:30:03','http://book-recommendation-photo.oss-cn-beijing.aliyuncs.com/%E6%B0%91%E4%B8%BB.jpg?Expires=1839241803&OSSAccessKeyId=LTAIXNMJPUiZ1XQ8&Signature=qHQ1EWyRCod2muY2eU2Iqa%2F6BXM%3D',NULL),(28,'对伪心理学说不','基思·斯坦诺维奇 ','人民邮电出版社','20多年来一直被奉为心理学入门经典，在全球顶尖大学中享有盛誉，现在呈现在读者面前的是第8版。','HAS_BORROW','2012-01-01 04:00:00','TC-003','2018-05-13 01:04:02','2018-04-16 12:32:24','http://book-recommendation-photo.oss-cn-beijing.aliyuncs.com/%E4%BC%AA%E5%BF%83%E7%90%86%E5%AD%A6.jpg?Expires=1839241944&OSSAccessKeyId=LTAIXNMJPUiZ1XQ8&Signature=1ZSediEo9nlTYtdWWL8gIeaPSrA%3D','A'),(29,'对伪心理学说不','基思·斯坦诺维奇 ','人民邮电出版社','20多年来一直被奉为心理学入门经典，在全球顶尖大学中享有盛誉，现在呈现在读者面前的是第8版。','HAS_BORROW','2012-01-01 04:00:00','TC-004','2018-05-13 01:11:09','2018-04-16 12:33:48','http://book-recommendation-photo.oss-cn-beijing.aliyuncs.com/%E4%BC%AA%E5%BF%83%E7%90%86%E5%AD%A6.jpg?Expires=1839242028&OSSAccessKeyId=LTAIXNMJPUiZ1XQ8&Signature=r4nOAXeN7rGv5xSslqchlW218P8%3D','D'),(30,'心理学的邀请','卡萝尔·韦德','北京大学出版社','本书易读、易学、易入，科学性、严谨性、趣味性兼容，尤其注重培养你的批判性和科学思维，这也是本书有别于同类书籍的最大特点。','HAS_BORROW','2006-09-01 04:00:00','TC-005','2018-05-13 01:03:29','2018-04-16 12:36:07','http://book-recommendation-photo.oss-cn-beijing.aliyuncs.com/%E5%BF%83%E7%90%86%E5%AD%A6%E7%9A%84%E9%82%80%E8%AF%B7.jpg?Expires=1839242167&OSSAccessKeyId=LTAIXNMJPUiZ1XQ8&Signature=PLysFOvhC3%2By3PCE%2BBu2nK2xNjw%3D','A'),(31,'心理学的邀请','卡萝尔·韦德','北京大学出版社','本书易读、易学、易入，科学性、严谨性、趣味性兼容，尤其注重培养你的批判性和科学思维，这也是本书有别于同类书籍的最大特点。','HAS_BORROW','2006-09-01 04:00:00','TC-006','2018-05-13 01:09:27','2018-04-16 12:37:30','http://book-recommendation-photo.oss-cn-beijing.aliyuncs.com/%E5%BF%83%E7%90%86%E5%AD%A6%E7%9A%84%E9%82%80%E8%AF%B7.jpg?Expires=1839242250&OSSAccessKeyId=LTAIXNMJPUiZ1XQ8&Signature=pQoiKEm2ZAo%2F%2FNuKIKokoouU5s8%3D','C'),(32,'当我们谈论爱情时我们在谈论什么','雷蒙德·卡佛 ','译林出版社','本书由十七篇短篇小说组成，讲述了如餐馆女招待、锯木厂工人、修车工、推销员和汽车旅馆管理员等社会底层的体力劳动者的生活。','CAN_BORROW','2010-01-20 04:00:00','TM-003','2018-04-16 12:39:43','2018-04-16 12:39:43','http://book-recommendation-photo.oss-cn-beijing.aliyuncs.com/%E7%88%B1%E6%83%85.jpg?Expires=1839242383&OSSAccessKeyId=LTAIXNMJPUiZ1XQ8&Signature=S77oiMh9KfLWxN0u6vtl6NL1LV8%3D',NULL),(33,'当我们谈论爱情时我们在谈论什么','雷蒙德·卡佛 ','译林出版社','本书由十七篇短篇小说组成，讲述了如餐馆女招待、锯木厂工人、修车工、推销员和汽车旅馆管理员等社会底层的体力劳动者的生活。','CAN_BORROW','2010-01-20 04:00:00','TM-004','2018-04-16 12:41:48','2018-04-16 12:41:48','http://book-recommendation-photo.oss-cn-beijing.aliyuncs.com/%E7%88%B1%E6%83%85.jpg?Expires=1839242508&OSSAccessKeyId=LTAIXNMJPUiZ1XQ8&Signature=0VJym%2F%2Fm0Y70RLa1HVNLyI4tZ8o%3D',NULL),(34,'投资学基础','科拉多','北京大学出版社','本书是一本简明的投资学基础教程。配合教学需要，作者介绍了现实经济中的主要投资品种，用便于应用的方式组织内容，并配有丰富的案例和习题。','HAS_BORROW','2007-05-10 04:00:00','TE-004','2018-05-13 01:07:27','2018-04-16 12:44:00','http://book-recommendation-photo.oss-cn-beijing.aliyuncs.com/%E6%8A%95%E8%B5%84%E5%AD%A6%E5%9F%BA%E7%A1%80.jpg?Expires=1839242640&OSSAccessKeyId=LTAIXNMJPUiZ1XQ8&Signature=i6ZsWEUUEWVc3ORLa2FQTa48kI8%3D','B'),(35,'投资学基础','科拉多','北京大学出版社','本书是一本简明的投资学基础教程。配合教学需要，作者介绍了现实经济中的主要投资品种，用便于应用的方式组织内容，并配有丰富的案例和习题。','HAS_BORROW','2007-05-10 04:00:00','TE-005','2018-05-13 01:09:07','2018-04-16 12:46:20','http://book-recommendation-photo.oss-cn-beijing.aliyuncs.com/%E6%8A%95%E8%B5%84%E5%AD%A6%E5%9F%BA%E7%A1%80.jpg?Expires=1839242780&OSSAccessKeyId=LTAIXNMJPUiZ1XQ8&Signature=StFZ9%2F3YMSbW10ZPNO6rECKkQ3c%3D','C'),(36,'计算机科学概论','J.GlennBrookshea r ','人民邮电出版社','本书以历史眼光，从发展的角度、当前的水平以及现阶段的研究方向等几个方面，全景式描绘了计算机科学各个子学科的主要领域。','CAN_BORROW','2011-10-01 04:00:00','TP-021','2018-04-16 12:48:33','2018-04-16 12:48:33','http://book-recommendation-photo.oss-cn-beijing.aliyuncs.com/%E6%A6%82%E8%AE%BA.jpg?Expires=1839242913&OSSAccessKeyId=LTAIXNMJPUiZ1XQ8&Signature=8BNfuzXR%2FihHPQ70HuwEsMacXCQ%3D',NULL),(37,'计算机科学概论','J.GlennBrookshea r ','人民邮电出版社','本书以历史眼光，从发展的角度、当前的水平以及现阶段的研究方向等几个方面，全景式描绘了计算机科学各个子学科的主要领域。','CAN_BORROW','2011-10-01 04:00:00','TP-022','2018-04-16 12:49:40','2018-04-16 12:49:40','http://book-recommendation-photo.oss-cn-beijing.aliyuncs.com/%E6%A6%82%E8%AE%BA.jpg?Expires=1839242980&OSSAccessKeyId=LTAIXNMJPUiZ1XQ8&Signature=HS9vjF0x4U%2BiUfEEZeZbCT%2Bv1y0%3D',NULL),(38,'浮生取义','吴飞','中国人民大学出版社','“舍生取义”，常常被用来赞美自杀的忠臣义士，但这决不意味着，只有“舍生”才能“取义”。','CAN_BORROW','2009-11-01 04:00:00','TN-001','2018-04-16 12:53:41','2018-04-16 12:53:41','http://book-recommendation-photo.oss-cn-beijing.aliyuncs.com/%E6%B5%AE%E7%94%9F%E5%8F%96%E4%B9%89.jpg?Expires=1839243221&OSSAccessKeyId=LTAIXNMJPUiZ1XQ8&Signature=CAuRNMBrDMxU2yTZClChvngWilk%3D',NULL),(39,'浮生取义','吴飞','中国人民大学出版社','“舍生取义”，常常被用来赞美自杀的忠臣义士，但这决不意味着，只有“舍生”才能“取义”。','CAN_BORROW','2009-11-01 04:00:00','TN-002','2018-04-16 12:55:02','2018-04-16 12:55:02','http://book-recommendation-photo.oss-cn-beijing.aliyuncs.com/%E6%B5%AE%E7%94%9F%E5%8F%96%E4%B9%89.jpg?Expires=1839243302&OSSAccessKeyId=LTAIXNMJPUiZ1XQ8&Signature=DxwAZHEPZLrmKzt76vDsvLNgp6o%3D',NULL),(40,'亲密关系','罗兰·米勒 (Rowland Miller)','人民邮电出版社','《亲密关系》从一出版，就立即获得了读者的普遍喜爱，不仅得到了专业人士的首肯，更是得到普通读者的高度评价。','CAN_BORROW','2011-11-01 04:00:00','TM-005','2018-04-16 14:26:50','2018-04-16 12:56:43','http://book-recommendation-photo.oss-cn-beijing.aliyuncs.com/%E4%BA%B2%E5%AF%86%E5%85%B3%E7%B3%BB.jpg?Expires=1839243403&OSSAccessKeyId=LTAIXNMJPUiZ1XQ8&Signature=F%2B9WPsx%2FBZ76peBh5c74he8mg0Y%3D','Tom'),(41,'亲密关系','罗兰·米勒 (Rowland Miller)','人民邮电出版社','《亲密关系》从一出版，就立即获得了读者的普遍喜爱，不仅得到了专业人士的首肯，更是得到普通读者的高度评价。','CAN_BORROW','2011-11-01 04:00:00','TM-006','2018-04-16 12:57:41','2018-04-16 12:57:41','http://book-recommendation-photo.oss-cn-beijing.aliyuncs.com/%E4%BA%B2%E5%AF%86%E5%85%B3%E7%B3%BB.jpg?Expires=1839243461&OSSAccessKeyId=LTAIXNMJPUiZ1XQ8&Signature=TMtqXmvQdT1iBZHTIJozNrsOlTM%3D',NULL),(42,'了不起的盖茨比','弗·司各特·菲茨杰拉德 ','南海出版公司','《了不起的盖茨比》建立在“幻象的破灭”上。正因这样的幻象，世界才如此鲜艳。你无需理会真假，但求沾染那份魔术般的光彩就是了。','CAN_BORROW','2012-05-01 04:00:00','TN-003','2018-04-17 00:20:20','2018-04-16 13:02:06','http://book-recommendation-photo.oss-cn-beijing.aliyuncs.com/%E4%BA%86%E4%B8%8D%E8%B5%B7.jpg?Expires=1839243726&OSSAccessKeyId=LTAIXNMJPUiZ1XQ8&Signature=w4FMaU6Bwc14fNBRm19v4%2Fb4ZRM%3D','Tom'),(43,'了不起的盖茨比','弗·司各特·菲茨杰拉德 ','南海出版公司','《了不起的盖茨比》建立在“幻象的破灭”上。正因这样的幻象，世界才如此鲜艳。你无需理会真假，但求沾染那份魔术般的光彩就是了。','CAN_BORROW','2012-05-01 04:00:00','TN-004','2018-04-16 13:03:12','2018-04-16 13:03:12','http://book-recommendation-photo.oss-cn-beijing.aliyuncs.com/%E4%BA%86%E4%B8%8D%E8%B5%B7.jpg?Expires=1839243792&OSSAccessKeyId=LTAIXNMJPUiZ1XQ8&Signature=cWq5HMjJAiHMSXrkKXHMu9r3FkI%3D',NULL),(58,'代码大全','史蒂夫·麦克康奈尔','电子工业出版社','优秀的编程实践的百科全书，《代码大全》注重个人技术，其中所有东西加起来，就是我们本能所说的“编写整洁的代码”。这本书有50页在谈论代码布局。','HAS_BORROW','2006-03-03 04:00:00','TP-023','2018-05-13 01:08:49','2018-04-18 01:37:03','http://book-recommendation-photo.oss-cn-beijing.aliyuncs.com/%E4%BB%A3%E7%A0%81%E5%A4%A7%E5%85%A8.jpg?Expires=1839375423&OSSAccessKeyId=LTAIXNMJPUiZ1XQ8&Signature=YNlKZPAuIZWnujcVZQrt6JfJTPY%3D','C'),(59,'代码大全','史蒂夫·麦克康奈尔','电子工业出版社','优秀的编程实践的百科全书，《代码大全》注重个人技术，其中所有东西加起来，就是我们本能所说的“编写整洁的代码”。这本书有50页在谈论代码布局。','HAS_BORROW','2006-03-03 04:00:00','TP-024','2018-05-13 01:10:12','2018-04-18 01:37:53','http://book-recommendation-photo.oss-cn-beijing.aliyuncs.com/%E4%BB%A3%E7%A0%81%E5%A4%A7%E5%85%A8.jpg?Expires=1839375473&OSSAccessKeyId=LTAIXNMJPUiZ1XQ8&Signature=6p%2FCwEcx8Yn0CSDvMbDJjdPxYLk%3D','D'),(60,'计算机程序的构造和解释','Harold Abelson、Gerald JaySussman','机械工业出版社','这是一本会启发你的书，它会燃起你编写出色程序的热情；它还将教会你认识并欣赏美；它会让你有种敬畏，让你难以抑制地渴望学习更多的东西。','CAN_BORROW','2004-02-04 09:00:00','TP-025','2018-04-18 01:39:15','2018-04-18 01:39:15','http://book-recommendation-photo.oss-cn-beijing.aliyuncs.com/%E8%AE%A1%E7%AE%97%E6%9C%BA%E7%A8%8B%E5%BA%8F%E7%9A%84%E6%9E%84%E9%80%A0%E5%92%8C%E8%A7%A3%E9%87%8A.jpg?Expires=1839375555&OSSAccessKeyId=LTAIXNMJPUiZ1XQ8&Signature=4D3638hB0r65f62bwvx96LsBu8Q%3D',NULL),(61,'C程序设计语言','DennisMRitchie','机械工业出版社','这本书简洁易读，会教给你三件事：C 编程语言；如何像程序员一样思考；底层计算模型。（这对理解“底层”非常重要）','CAN_BORROW','2010-01-20 04:00:00','TP-026','2018-04-18 01:41:11','2018-04-18 01:41:11','http://book-recommendation-photo.oss-cn-beijing.aliyuncs.com/C%E7%A8%8B%E5%BA%8F%E8%AE%BE%E8%AE%A1%E8%AF%AD%E8%A8%80.jpg?Expires=1839375671&OSSAccessKeyId=LTAIXNMJPUiZ1XQ8&Signature=OQFWr8tMkbdtVd8m4rCGYZiNuWE%3D',NULL),(62,'重构：改善既有代码的设计','福勒','人民邮电出版社','我必须承认，我最喜欢的编程语录是出自这本书：任何一个傻瓜都能写出计算机能理解的程序，而优秀的程序员却能写出别人能读得懂的程序。','HAS_BORROW','2010-01-20 04:00:00','TP-027','2018-05-13 01:06:27','2018-04-18 01:42:57','http://book-recommendation-photo.oss-cn-beijing.aliyuncs.com/%E9%87%8D%E6%9E%84.jpg?Expires=1839375777&OSSAccessKeyId=LTAIXNMJPUiZ1XQ8&Signature=Bjo6%2Bb8hFev5dQ83pU0%2FKxkgGjM%3D','B'),(63,'重构：改善既有代码的设计','福勒','人民邮电出版社','我必须承认，我最喜欢的编程语录是出自这本书：任何一个傻瓜都能写出计算机能理解的程序，而优秀的程序员却能写出别人能读得懂的程序。','CAN_BORROW','2010-01-20 04:00:00','TP-028','2018-04-18 11:45:29','2018-04-18 01:43:38','http://book-recommendation-photo.oss-cn-beijing.aliyuncs.com/%E9%87%8D%E6%9E%84.jpg?Expires=1839375818&OSSAccessKeyId=LTAIXNMJPUiZ1XQ8&Signature=m9Bq%2F1rER34%2BE1249wFW9%2FPr41U%3D','C'),(64,'算法导论','Thomas H.Cormen','机械工业出版社','在我看来，代码只是一个工具，并非精髓。开发软件的主要部分是创建新算法或重新实现现有算法。其他部分则像重新组装乐高砖块或创建“管理”层。','HAS_BORROW','2006-01-20 05:00:00','TP-029','2018-05-13 01:05:57','2018-04-18 01:44:53','http://book-recommendation-photo.oss-cn-beijing.aliyuncs.com/%E7%AE%97%E6%B3%95%E5%AF%BC%E8%AE%BA.jpg?Expires=1839375893&OSSAccessKeyId=LTAIXNMJPUiZ1XQ8&Signature=A4EOSotPD3jGAullmbzM8MuWU54%3D','B'),(65,'编程珠玑','Jon Bentley','人民邮电出版社','本书通过一些有趣的具有指导意义的程序，对程序设计技巧和基本设计原理进行了清晰而睿智的描述。','HAS_BORROW','2006-11-01 04:00:00','TP-030','2018-05-13 01:10:59','2018-04-18 01:46:33','http://book-recommendation-photo.oss-cn-beijing.aliyuncs.com/%E7%BC%96%E7%A8%8B%E7%8F%A0%E7%8E%91.jpg?Expires=1839375993&OSSAccessKeyId=LTAIXNMJPUiZ1XQ8&Signature=RVMQgIBrJoFqbwgpMVaxdH88bUc%3D','D'),(66,'编程珠玑','Jon Bentley','人民邮电出版社','本书通过一些有趣的具有指导意义的程序，对程序设计技巧和基本设计原理进行了清晰而睿智的描述。','CAN_BORROW','2006-11-01 04:00:00','TP-031','2018-04-18 01:48:16','2018-04-18 01:48:16','http://book-recommendation-photo.oss-cn-beijing.aliyuncs.com/%E7%BC%96%E7%A8%8B%E7%8F%A0%E7%8E%91.jpg?Expires=1839376096&OSSAccessKeyId=LTAIXNMJPUiZ1XQ8&Signature=pXWk5tzjPxnYi5k3yhiY%2BH7J7Kg%3D',NULL),(67,'交互设计之路','库帕 ','电子工业出版社','本书是基于众多商务案例，讲述如何创建更好的、高客户忠诚度的软件产品和基于软件的高科技产品的书。','CAN_BORROW','2006-03-03 04:00:00','TP-032','2018-04-18 01:50:20','2018-04-18 01:50:20','http://book-recommendation-photo.oss-cn-beijing.aliyuncs.com/%E4%BA%A4%E4%BA%92.jpg?Expires=1839376220&OSSAccessKeyId=LTAIXNMJPUiZ1XQ8&Signature=AcIJ2WbCWIkvnaxHUsGXYNprOvc%3D',NULL),(68,'孤独六讲','蒋勋','广西师范大学出版社','美学大师蒋勋以美学家特有的思维和情感切入孤独，从情欲、语言、革命、思维、伦理、暴力六个面向阐释孤独美学','CAN_BORROW','2009-10-01 04:00:00','TM-007','2018-04-18 01:53:01','2018-04-18 01:53:01','http://book-recommendation-photo.oss-cn-beijing.aliyuncs.com/%E5%AD%A4%E7%8B%AC%E5%85%AD%E8%AE%B2.jpg?Expires=1839376381&OSSAccessKeyId=LTAIXNMJPUiZ1XQ8&Signature=J8PaaUuNWAPSO7Ygx0BbISr8c2E%3D',NULL),(69,'经济学','保罗·萨缪尔森 ','人民邮电出版社','本书是当代经济学泰斗、1970年诺贝尔经济学奖得主萨缪尔森的不朽经济学著作。','CAN_BORROW','2008-01-01 04:00:00','TE-006','2018-05-31 11:51:47','2018-04-18 02:20:10','http://book-recommendation-photo.oss-cn-beijing.aliyuncs.com/%E7%BB%8F%E6%B5%8E%E5%AD%A6.jpg?Expires=1839378010&OSSAccessKeyId=LTAIXNMJPUiZ1XQ8&Signature=z7FuDYeLpMo9G0GbqvRAVq1jKJU%3D','B'),(70,'算法导论','Thomas H.Cormen','机械工业出版社','在我看来，代码只是一个工具，并非精髓。开发软件的主要部分是创建新算法或重新实现现有算法。其他部分则像重新组装乐高砖块或创建“管理”层。','HAS_BORROW','2006-01-20 05:00:00','TP-033','2018-05-13 01:08:56','2018-04-18 02:32:33','http://book-recommendation-photo.oss-cn-beijing.aliyuncs.com/%E7%AE%97%E6%B3%95%E5%AF%BC%E8%AE%BA.jpg?Expires=1839378753&OSSAccessKeyId=LTAIXNMJPUiZ1XQ8&Signature=1V%2FluKksyeOBCh7Axm4Vhvkfa70%3D','C'),(71,'算法导论','Thomas H.Cormen','机械工业出版社','在我看来，代码只是一个工具，并非精髓。开发软件的主要部分是创建新算法或重新实现现有算法。其他部分则像重新组装乐高砖块或创建“管理”层。','HAS_BORROW','2006-01-20 05:00:00','TP-034','2018-05-13 01:10:17','2018-04-18 02:33:29','http://book-recommendation-photo.oss-cn-beijing.aliyuncs.com/%E7%AE%97%E6%B3%95%E5%AF%BC%E8%AE%BA.jpg?Expires=1839378809&OSSAccessKeyId=LTAIXNMJPUiZ1XQ8&Signature=IOULRj%2F0ke3bBTXu0dxJ8h%2FhCm4%3D','D'),(72,'投资学基础','科拉多','北京大学出版社','本书是一本简明的投资学基础教程。配合教学需要，作者介绍了现实经济中的主要投资品种，用便于应用的方式组织内容，并配有丰富的案例和习题。','HAS_BORROW','2007-05-10 04:00:00','TE-007','2018-05-13 01:10:27','2018-04-18 02:34:47','http://book-recommendation-photo.oss-cn-beijing.aliyuncs.com/%E6%8A%95%E8%B5%84%E5%AD%A6%E5%9F%BA%E7%A1%80.jpg?Expires=1839378887&OSSAccessKeyId=LTAIXNMJPUiZ1XQ8&Signature=Zd1HPw1KyM6Sh4B3O6XTQg4J4Yw%3D','D');
/*!40000 ALTER TABLE `book` ENABLE KEYS */;
UNLOCK TABLES;

--
-- Table structure for table `borrow`
--

DROP TABLE IF EXISTS `borrow`;
/*!40101 SET @saved_cs_client     = @@character_set_client */;
/*!40101 SET character_set_client = utf8 */;
CREATE TABLE `borrow` (
  `borrow_id` bigint(20) NOT NULL AUTO_INCREMENT,
  `book_id` bigint(20) NOT NULL,
  `user_id` bigint(20) NOT NULL,
  `borrow_date` timestamp NOT NULL DEFAULT '1999-12-31 16:00:00',
  `back_date` timestamp NOT NULL DEFAULT '1999-12-31 16:00:00',
  `borrow_status` varchar(20) DEFAULT NULL,
  `gmt_modified` timestamp NOT NULL DEFAULT '1999-12-31 16:00:00',
  `gmt_create` timestamp NOT NULL DEFAULT '1999-12-31 16:00:00',
  `modifier` varchar(20) DEFAULT NULL,
  `goal` int(10) DEFAULT NULL,
  PRIMARY KEY (`borrow_id`)
) ENGINE=InnoDB AUTO_INCREMENT=40 DEFAULT CHARSET=latin1;
/*!40101 SET character_set_client = @saved_cs_client */;

--
-- Dumping data for table `borrow`
--

LOCK TABLES `borrow` WRITE;
/*!40000 ALTER TABLE `borrow` DISABLE KEYS */;
INSERT INTO `borrow` VALUES (20,1,138,'2018-05-13 01:02:44','2018-06-13 01:02:44','VALID','2018-05-13 01:05:09','2018-05-13 01:02:44','A',4),(21,5,138,'2018-05-13 01:02:56','2018-06-13 01:02:55','VALID','2018-05-13 01:05:13','2018-05-13 01:02:55','A',5),(22,6,138,'2018-05-13 01:03:17','2018-06-13 01:03:16','VALID','2018-05-13 01:05:19','2018-05-13 01:03:16','A',1),(23,30,138,'2018-05-13 01:03:30','2018-06-13 01:03:29','VALID','2018-05-13 01:05:25','2018-05-13 01:03:29','A',4),(24,28,138,'2018-05-13 01:04:02','2018-06-13 01:04:02','VALID','2018-05-13 01:05:31','2018-05-13 01:04:02','A',3),(25,64,139,'2018-05-13 01:05:58','2018-06-13 01:05:57','VALID','2018-05-13 01:07:55','2018-05-13 01:05:57','B',5),(26,62,139,'2018-05-13 01:06:27','2018-06-13 01:06:27','VALID','2018-05-13 01:08:01','2018-05-13 01:06:27','B',2),(27,34,139,'2018-05-13 01:07:28','2018-06-13 01:07:27','VALID','2018-05-13 01:08:09','2018-05-13 01:07:27','B',3),(28,13,139,'2018-05-13 01:07:37','2018-06-13 01:07:36','VALID','2018-05-13 01:08:15','2018-05-13 01:07:36','B',1),(29,58,140,'2018-05-13 01:08:50','2018-06-13 01:08:49','VALID','2018-05-13 01:09:41','2018-05-13 01:08:49','C',3),(30,70,140,'2018-05-13 01:08:57','2018-06-13 01:08:56','VALID','2018-05-13 01:09:45','2018-05-13 01:08:56','C',2),(31,35,140,'2018-05-13 01:09:07','2018-06-13 01:09:07','VALID','2018-05-13 01:09:49','2018-05-13 01:09:07','C',4),(32,22,140,'2018-05-13 01:09:16','2018-06-13 01:09:15','VALID','2018-05-13 01:09:53','2018-05-13 01:09:15','C',2),(33,31,140,'2018-05-13 01:09:28','2018-06-13 01:09:27','VALID','2018-05-13 01:09:55','2018-05-13 01:09:27','C',5),(34,59,141,'2018-05-13 01:10:13','2018-06-13 01:10:12','VALID','2018-05-13 01:11:17','2018-05-13 01:10:12','D',1),(35,71,141,'2018-05-13 01:10:18','2018-06-13 01:10:17','VALID','2018-05-13 01:11:21','2018-05-13 01:10:17','D',1),(36,72,141,'2018-05-13 01:10:28','2018-06-13 01:10:27','VALID','2018-05-13 01:11:25','2018-05-13 01:10:27','D',2),(37,65,141,'2018-05-13 01:11:00','2018-06-13 01:10:59','VALID','2018-05-13 01:11:31','2018-05-13 01:11:00','D',4),(38,29,141,'2018-05-13 01:11:10','2018-06-13 01:11:09','VALID','2018-05-13 01:11:35','2018-05-13 01:11:09','D',3);
/*!40000 ALTER TABLE `borrow` ENABLE KEYS */;
UNLOCK TABLES;

--
-- Table structure for table `recommend`
--

DROP TABLE IF EXISTS `recommend`;
/*!40101 SET @saved_cs_client     = @@character_set_client */;
/*!40101 SET character_set_client = utf8 */;
CREATE TABLE `recommend` (
  `recommend_id` bigint(20) NOT NULL AUTO_INCREMENT,
  `book_name` varchar(255) CHARACTER SET utf8 DEFAULT NULL,
  `author` varchar(255) CHARACTER SET utf8 DEFAULT NULL,
  `user_id` bigint(20) DEFAULT NULL,
  `gmt_modified` timestamp NOT NULL DEFAULT '1999-12-31 16:00:00',
  `gmt_create` timestamp NOT NULL DEFAULT '1999-12-31 16:00:00',
  `modifier` varchar(255) CHARACTER SET utf8 DEFAULT NULL,
  `recommend_type` int(255) DEFAULT NULL,
  PRIMARY KEY (`recommend_id`)
) ENGINE=InnoDB AUTO_INCREMENT=49075 DEFAULT CHARSET=latin1;
/*!40101 SET character_set_client = @saved_cs_client */;

--
-- Dumping data for table `recommend`
--

LOCK TABLES `recommend` WRITE;
/*!40000 ALTER TABLE `recommend` DISABLE KEYS */;
INSERT INTO `recommend` VALUES (49033,'代码大全','史蒂夫·麦克康奈尔',142,'2018-06-08 00:13:25','2018-06-08 00:13:25',NULL,1),(49034,'投资学基础','科拉多',142,'2018-06-08 00:13:26','2018-06-08 00:13:26',NULL,1),(49035,'重构：改善既有代码的设计','福勒',142,'2018-06-08 00:13:26','2018-06-08 00:13:26',NULL,1),(49036,'算法导论','Thomas H.Cormen',141,'2018-06-08 00:13:26','2018-06-08 00:13:26',NULL,1),(49037,'代码大全','史蒂夫·麦克康奈尔',141,'2018-06-08 00:13:26','2018-06-08 00:13:26',NULL,1),(49038,'投资学基础','科拉多',141,'2018-06-08 00:13:26','2018-06-08 00:13:26',NULL,1),(49039,'代码大全','史蒂夫·麦克康奈尔',143,'2018-06-08 00:13:27','2018-06-08 00:13:27',NULL,1),(49040,'投资学基础','科拉多',143,'2018-06-08 00:13:27','2018-06-08 00:13:27',NULL,1),(49041,'重构：改善既有代码的设计','福勒',143,'2018-06-08 00:13:27','2018-06-08 00:13:27',NULL,1),(49042,'投资学基础','科拉多',138,'2018-06-08 00:13:28','2018-06-08 00:13:28',NULL,1),(49043,'编程珠玑','Jon Bentley',138,'2018-06-08 00:13:28','2018-06-08 00:13:28',NULL,1),(49044,'经济学','保罗·萨缪尔森 ',138,'2018-06-08 00:13:28','2018-06-08 00:13:28',NULL,1),(49045,'代码大全','史蒂夫·麦克康奈尔',139,'2018-06-08 00:13:28','2018-06-08 00:13:28',NULL,1),(49046,'心理学的邀请','卡萝尔·韦德',139,'2018-06-08 00:13:28','2018-06-08 00:13:28',NULL,1),(49047,'对伪心理学说不','基思·斯坦诺维奇 ',139,'2018-06-08 00:13:29','2018-06-08 00:13:29',NULL,1),(49048,'重构：改善既有代码的设计','福勒',140,'2018-06-08 00:13:29','2018-06-08 00:13:29',NULL,1),(49049,'对伪心理学说不','基思·斯坦诺维奇 ',140,'2018-06-08 00:13:29','2018-06-08 00:13:29',NULL,1),(49050,'编程珠玑','Jon Bentley',140,'2018-06-08 00:13:30','2018-06-08 00:13:30',NULL,1),(49051,'代码大全','史蒂夫·麦克康奈尔',1,'2018-06-08 00:13:30','2018-06-08 00:13:30',NULL,1),(49052,'投资学基础','科拉多',1,'2018-06-08 00:13:30','2018-06-08 00:13:30',NULL,1),(49053,'重构：改善既有代码的设计','福勒',1,'2018-06-08 00:13:30','2018-06-08 00:13:30',NULL,1),(49054,'算法导论','Thomas H.Cormen',1,'2018-06-08 00:13:34','2018-06-08 00:13:34',NULL,0),(49055,'代码大全','史蒂夫·麦克康奈尔',1,'2018-06-08 00:13:34','2018-06-08 00:13:34',NULL,0),(49056,'投资学基础','科拉多',1,'2018-06-08 00:13:34','2018-06-08 00:13:34',NULL,0),(49057,'投资学基础','科拉多',138,'2018-06-08 00:13:34','2018-06-08 00:13:34',NULL,0),(49058,'经济学','保罗·萨缪尔森 ',138,'2018-06-08 00:13:34','2018-06-08 00:13:34',NULL,0),(49059,'编程珠玑','Jon Bentley',138,'2018-06-08 00:13:34','2018-06-08 00:13:34',NULL,0),(49060,'对伪心理学说不','基思·斯坦诺维奇 ',139,'2018-06-08 00:13:35','2018-06-08 00:13:35',NULL,0),(49061,'经济学','保罗·萨缪尔森 ',139,'2018-06-08 00:13:35','2018-06-08 00:13:35',NULL,0),(49062,'代码大全','史蒂夫·麦克康奈尔',139,'2018-06-08 00:13:35','2018-06-08 00:13:35',NULL,0),(49063,'对伪心理学说不','基思·斯坦诺维奇 ',140,'2018-06-08 00:13:35','2018-06-08 00:13:35',NULL,0),(49064,'重构：改善既有代码的设计','福勒',140,'2018-06-08 00:13:35','2018-06-08 00:13:35',NULL,0),(49065,'编程珠玑','Jon Bentley',140,'2018-06-08 00:13:35','2018-06-08 00:13:35',NULL,0),(49066,'心理学的邀请','卡萝尔·韦德',141,'2018-06-08 00:13:35','2018-06-08 00:13:35',NULL,0),(49067,'经济学','保罗·萨缪尔森 ',141,'2018-06-08 00:13:35','2018-06-08 00:13:35',NULL,0),(49068,'重构：改善既有代码的设计','福勒',141,'2018-06-08 00:13:35','2018-06-08 00:13:35',NULL,0),(49069,'算法导论','Thomas H.Cormen',142,'2018-06-08 00:13:36','2018-06-08 00:13:36',NULL,0),(49070,'代码大全','史蒂夫·麦克康奈尔',142,'2018-06-08 00:13:36','2018-06-08 00:13:36',NULL,0),(49071,'投资学基础','科拉多',142,'2018-06-08 00:13:36','2018-06-08 00:13:36',NULL,0),(49072,'算法导论','Thomas H.Cormen',143,'2018-06-08 00:13:36','2018-06-08 00:13:36',NULL,0),(49073,'代码大全','史蒂夫·麦克康奈尔',143,'2018-06-08 00:13:36','2018-06-08 00:13:36',NULL,0),(49074,'投资学基础','科拉多',143,'2018-06-08 00:13:36','2018-06-08 00:13:36',NULL,0);
/*!40000 ALTER TABLE `recommend` ENABLE KEYS */;
UNLOCK TABLES;

--
-- Table structure for table `user`
--

DROP TABLE IF EXISTS `user`;
/*!40101 SET @saved_cs_client     = @@character_set_client */;
/*!40101 SET character_set_client = utf8 */;
CREATE TABLE `user` (
  `user_id` bigint(20) NOT NULL AUTO_INCREMENT,
  `username` varchar(20) CHARACTER SET utf8 DEFAULT NULL,
  `password` varchar(20) DEFAULT NULL,
  `user_status` varchar(20) DEFAULT NULL,
  `gmt_modified` timestamp NOT NULL DEFAULT '1999-12-31 16:00:00',
  `gmt_create` timestamp NOT NULL DEFAULT '1999-12-31 16:00:00',
  `email` varchar(100) CHARACTER SET utf8 DEFAULT NULL,
  `modifier` varchar(20) CHARACTER SET utf8 DEFAULT NULL,
  `phone_number` varchar(20) CHARACTER SET utf8 DEFAULT NULL,
  `sex` int(255) NOT NULL,
  `age` int(100) NOT NULL,
  `profession` varchar(255) CHARACTER SET utf8 NOT NULL,
  PRIMARY KEY (`user_id`)
) ENGINE=InnoDB AUTO_INCREMENT=147 DEFAULT CHARSET=latin1;
/*!40101 SET character_set_client = @saved_cs_client */;

--
-- Dumping data for table `user`
--

LOCK TABLES `user` WRITE;
/*!40000 ALTER TABLE `user` DISABLE KEYS */;
INSERT INTO `user` VALUES (1,'张恺','123','ADMIN','2018-04-17 02:22:10','2018-04-17 02:22:10','zh268262441@126.com',NULL,'15861813969',0,23,'IT'),(138,'A','1','READER','2018-05-15 07:47:14','2018-05-15 07:47:14','A@163.com',NULL,'18761884132',1,23,'老师'),(139,'B','2','READER','2018-04-18 08:29:31','2018-04-18 08:29:31','B@126.com',NULL,'15623452345',1,48,'IT'),(140,'C','3','READER','2018-04-18 02:29:22','2018-04-18 02:29:22',NULL,NULL,NULL,1,36,'老师'),(141,'D','4','READER','2018-04-18 02:36:58','2018-04-18 02:36:58',NULL,NULL,NULL,0,40,'老师'),(142,'E','5','READER','2018-04-18 02:39:11','2018-04-18 02:39:11',NULL,NULL,NULL,1,30,'医生'),(143,'F','6','READER','2018-04-18 02:56:08','2018-04-18 02:56:08','f@126.com',NULL,'15152967118',0,27,'医生'),(144,'小猪','xiaozhu','DELETED','2018-05-15 07:06:32','2018-05-15 07:06:32',NULL,NULL,NULL,1,29,'金融'),(145,'E','5','DELETED','2018-05-15 09:19:07','2018-05-15 09:19:07',NULL,NULL,NULL,1,35,'老师'),(146,'宋通','1234','DELETED','2018-05-29 02:49:19','2018-05-29 02:49:19',NULL,NULL,NULL,1,23,'IT');
/*!40000 ALTER TABLE `user` ENABLE KEYS */;
UNLOCK TABLES;
/*!40103 SET TIME_ZONE=@OLD_TIME_ZONE */;

/*!40101 SET SQL_MODE=@OLD_SQL_MODE */;
/*!40014 SET FOREIGN_KEY_CHECKS=@OLD_FOREIGN_KEY_CHECKS */;
/*!40014 SET UNIQUE_CHECKS=@OLD_UNIQUE_CHECKS */;
/*!40101 SET CHARACTER_SET_CLIENT=@OLD_CHARACTER_SET_CLIENT */;
/*!40101 SET CHARACTER_SET_RESULTS=@OLD_CHARACTER_SET_RESULTS */;
/*!40101 SET COLLATION_CONNECTION=@OLD_COLLATION_CONNECTION */;
/*!40111 SET SQL_NOTES=@OLD_SQL_NOTES */;

-- Dump completed on 2018-07-02 17:35:48
